assay,feature_ID,chrom,start,end,methyl_tile_id,tss_distance,region,tissues_assayed,training_significant,sig_tissues,timewise_logFC,direction,peak_timepoint,sex,training_p_value,training_q,note
ATAC,chr18:81519349-81520274,chr18,81519349.0,81520274.0,,-1694,promoter_proximal,"BAT,HEART,HIPPOC,KIDNEY,LIVER,LUNG,SKMGN,WATSC",NO,,,,,,,,not present in any 05FDR object; not in TRAINING_REGULATED_FEATURES; only 5%-FDR-significant subset is public per-tissue
ATAC,chr18:81520682-81520882,chr18,81520682.0,81520882.0,,-1086,promoter_proximal,"BAT,HEART,HIPPOC,KIDNEY,LIVER,LUNG,SKMGN,WATSC",NO,,,,,,,,not present in any 05FDR object; not in TRAINING_REGULATED_FEATURES; only 5%-FDR-significant subset is public per-tissue
ATAC,chr18:81520888-81521336,chr18,81520888.0,81521336.0,,-632,promoter_proximal,"BAT,HEART,HIPPOC,KIDNEY,LIVER,LUNG,SKMGN,WATSC",NO,,,,,,,,not present in any 05FDR object; not in TRAINING_REGULATED_FEATURES; only 5%-FDR-significant subset is public per-tissue
ATAC,chr18:81522039-81522422,chr18,81522039.0,81522422.0,,0,gene_body,"BAT,HEART,HIPPOC,KIDNEY,LIVER,LUNG,SKMGN,WATSC",NO,,,,,,,,not present in any 05FDR object; not in TRAINING_REGULATED_FEATURES; only 5%-FDR-significant subset is public per-tissue
ATAC,chr18:81522483-81522683,chr18,81522483.0,81522683.0,,0,gene_body,"BAT,HEART,HIPPOC,KIDNEY,LIVER,LUNG,SKMGN,WATSC",NO,,,,,,,,not present in any 05FDR object; not in TRAINING_REGULATED_FEATURES; only 5%-FDR-significant subset is public per-tissue
ATAC,chr18:81522693-81523113,chr18,81522693.0,81523113.0,,0,gene_body,"BAT,HEART,HIPPOC,KIDNEY,LIVER,LUNG,SKMGN,WATSC",NO,,,,,,,,not present in any 05FDR object; not in TRAINING_REGULATED_FEATURES; only 5%-FDR-significant subset is public per-tissue
ATAC,chr18:81524994-81525299,chr18,81524994.0,81525299.0,,0,gene_body,"BAT,HEART,HIPPOC,KIDNEY,LIVER,LUNG,SKMGN,WATSC",NO,,,,,,,,not present in any 05FDR object; not in TRAINING_REGULATED_FEATURES; only 5%-FDR-significant subset is public per-tissue
ATAC,chr18:81525485-81525762,chr18,81525485.0,81525762.0,,0,gene_body,"BAT,HEART,HIPPOC,KIDNEY,LIVER,LUNG,SKMGN,WATSC",NO,,,,,,,,not present in any 05FDR object; not in TRAINING_REGULATED_FEATURES; only 5%-FDR-significant subset is public per-tissue
ATAC,chr18:81525763-81526326,chr18,81525763.0,81526326.0,,0,gene_body,"BAT,HEART,HIPPOC,KIDNEY,LIVER,LUNG,SKMGN,WATSC",NO,,,,,,,,not present in any 05FDR object; not in TRAINING_REGULATED_FEATURES; only 5%-FDR-significant subset is public per-tissue
ATAC,chr18:81526358-81526944,chr18,81526358.0,81526944.0,,0,gene_body,"BAT,HEART,HIPPOC,KIDNEY,LIVER,LUNG,SKMGN,WATSC",NO,,,,,,,,not present in any 05FDR object; not in TRAINING_REGULATED_FEATURES; only 5%-FDR-significant subset is public per-tissue
ATAC,chr18:81529021-81529244,chr18,81529021.0,81529244.0,,0,gene_body,"BAT,HEART,HIPPOC,KIDNEY,LIVER,LUNG,SKMGN,WATSC",NO,,,,,,,,not present in any 05FDR object; not in TRAINING_REGULATED_FEATURES; only 5%-FDR-significant subset is public per-tissue
ATAC,chr18:81529280-81529492,chr18,81529280.0,81529492.0,,0,gene_body,"BAT,HEART,HIPPOC,KIDNEY,LIVER,LUNG,SKMGN,WATSC",NO,,,,,,,,not present in any 05FDR object; not in TRAINING_REGULATED_FEATURES; only 5%-FDR-significant subset is public per-tissue
ATAC,chr18:81529844-81530155,chr18,81529844.0,81530155.0,,0,gene_body,"BAT,HEART,HIPPOC,KIDNEY,LIVER,LUNG,SKMGN,WATSC",NO,,,,,,,,not present in any 05FDR object; not in TRAINING_REGULATED_FEATURES; only 5%-FDR-significant subset is public per-tissue
ATAC,chr18:81530989-81531278,chr18,81530989.0,81531278.0,,0,gene_body,"BAT,HEART,HIPPOC,KIDNEY,LIVER,LUNG,SKMGN,WATSC",NO,,,,,,,,not present in any 05FDR object; not in TRAINING_REGULATED_FEATURES; only 5%-FDR-significant subset is public per-tissue
ATAC,chr18:81531627-81531923,chr18,81531627.0,81531923.0,,0,gene_body,"BAT,HEART,HIPPOC,KIDNEY,LIVER,LUNG,SKMGN,WATSC",NO,,,,,,,,not present in any 05FDR object; not in TRAINING_REGULATED_FEATURES; only 5%-FDR-significant subset is public per-tissue
ATAC,chr18:81532208-81532421,chr18,81532208.0,81532421.0,,0,gene_body,"BAT,HEART,HIPPOC,KIDNEY,LIVER,LUNG,SKMGN,WATSC",NO,,,,,,,,not present in any 05FDR object; not in TRAINING_REGULATED_FEATURES; only 5%-FDR-significant subset is public per-tissue
ATAC,chr18:81532728-81532951,chr18,81532728.0,81532951.0,,0,gene_body,"BAT,HEART,HIPPOC,KIDNEY,LIVER,LUNG,SKMGN,WATSC",NO,,,,,,,,not present in any 05FDR object; not in TRAINING_REGULATED_FEATURES; only 5%-FDR-significant subset is public per-tissue
ATAC,chr18:81535397-81535667,chr18,81535397.0,81535667.0,,0,gene_body,"BAT,HEART,HIPPOC,KIDNEY,LIVER,LUNG,SKMGN,WATSC",NO,,,,,,,,not present in any 05FDR object; not in TRAINING_REGULATED_FEATURES; only 5%-FDR-significant subset is public per-tissue
ATAC,chr18:81538463-81539274,chr18,81538463.0,81539274.0,,0,gene_body,"BAT,HEART,HIPPOC,KIDNEY,LIVER,LUNG,SKMGN,WATSC",NO,,,,,,,,not present in any 05FDR object; not in TRAINING_REGULATED_FEATURES; only 5%-FDR-significant subset is public per-tissue
ATAC,chr18:81539307-81539553,chr18,81539307.0,81539553.0,,242,downstream_proximal,"BAT,HEART,HIPPOC,KIDNEY,LIVER,LUNG,SKMGN,WATSC",NO,,,,,,,,not present in any 05FDR object; not in TRAINING_REGULATED_FEATURES; only 5%-FDR-significant subset is public per-tissue
ATAC,chr18:81541253-81542171,chr18,81541253.0,81542171.0,,2188,downstream_distal,"BAT,HEART,HIPPOC,KIDNEY,LIVER,LUNG,SKMGN,WATSC",NO,,,,,,,,not present in any 05FDR object; not in TRAINING_REGULATED_FEATURES; only 5%-FDR-significant subset is public per-tissue
ATAC,chr18:81545865-81546091,chr18,81545865.0,81546091.0,,6800,downstream_distal,"BAT,HEART,HIPPOC,KIDNEY,LIVER,LUNG,SKMGN,WATSC",NO,,,,,,,,not present in any 05FDR object; not in TRAINING_REGULATED_FEATURES; only 5%-FDR-significant subset is public per-tissue
ATAC,chr18:81547707-81547962,chr18,81547707.0,81547962.0,,8642,downstream_distal,"BAT,HEART,HIPPOC,KIDNEY,LIVER,LUNG,SKMGN,WATSC",NO,,,,,,,,not present in any 05FDR object; not in TRAINING_REGULATED_FEATURES; only 5%-FDR-significant subset is public per-tissue
ATAC,chr18:81549788-81550107,chr18,81549788.0,81550107.0,,10723,downstream_distal,"BAT,HEART,HIPPOC,KIDNEY,LIVER,LUNG,SKMGN,WATSC",NO,,,,,,,,not present in any 05FDR object; not in TRAINING_REGULATED_FEATURES; only 5%-FDR-significant subset is public per-tissue
ATAC,chr18:81550370-81550604,chr18,81550370.0,81550604.0,,11305,downstream_distal,"BAT,HEART,HIPPOC,KIDNEY,LIVER,LUNG,SKMGN,WATSC",NO,,,,,,,,not present in any 05FDR object; not in TRAINING_REGULATED_FEATURES; only 5%-FDR-significant subset is public per-tissue
ATAC,chr18:81553938-81554348,chr18,81553938.0,81554348.0,,14873,downstream_distal,"BAT,HEART,HIPPOC,KIDNEY,LIVER,LUNG,SKMGN,WATSC",NO,,,,,,,,not present in any 05FDR object; not in TRAINING_REGULATED_FEATURES; only 5%-FDR-significant subset is public per-tissue
METHYL,chr18-163047_cluster1,chr18,,,chr18-163047,0,gene_body,"BAT,HEART,HIPPOC,KIDNEY,LIVER,LUNG,SKMGN,WATSC",NO,,,,,,,,"RRBS methylation cluster; bp start/end not available (only cluster feature_ID is public); methyl_tile_id holds the chrN-<tile> token from feature_ID (a tile identifier, not bp); not present in any 05FDR object; not in TRAINING_REGULATED_FEATURES"
METHYL,chr18-163047_cluster2,chr18,,,chr18-163047,0,gene_body,"BAT,HEART,HIPPOC,KIDNEY,LIVER,LUNG,SKMGN,WATSC",NO,,,,,,,,"RRBS methylation cluster; bp start/end not available (only cluster feature_ID is public); methyl_tile_id holds the chrN-<tile> token from feature_ID (a tile identifier, not bp); not present in any 05FDR object; not in TRAINING_REGULATED_FEATURES"
METHYL,chr18-163047_cluster3,chr18,,,chr18-163047,0,gene_body,"BAT,HEART,HIPPOC,KIDNEY,LIVER,LUNG,SKMGN,WATSC",NO,,,,,,,,"RRBS methylation cluster; bp start/end not available (only cluster feature_ID is public); methyl_tile_id holds the chrN-<tile> token from feature_ID (a tile identifier, not bp); not present in any 05FDR object; not in TRAINING_REGULATED_FEATURES"
METHYL,chr18-163047_cluster4,chr18,,,chr18-163047,0,gene_body,"BAT,HEART,HIPPOC,KIDNEY,LIVER,LUNG,SKMGN,WATSC",NO,,,,,,,,"RRBS methylation cluster; bp start/end not available (only cluster feature_ID is public); methyl_tile_id holds the chrN-<tile> token from feature_ID (a tile identifier, not bp); not present in any 05FDR object; not in TRAINING_REGULATED_FEATURES"
METHYL,chr18-163047_cluster5,chr18,,,chr18-163047,0,gene_body,"BAT,HEART,HIPPOC,KIDNEY,LIVER,LUNG,SKMGN,WATSC",NO,,,,,,,,"RRBS methylation cluster; bp start/end not available (only cluster feature_ID is public); methyl_tile_id holds the chrN-<tile> token from feature_ID (a tile identifier, not bp); not present in any 05FDR object; not in TRAINING_REGULATED_FEATURES"
METHYL,chr18-163047_cluster6,chr18,,,chr18-163047,0,gene_body,"BAT,HEART,HIPPOC,KIDNEY,LIVER,LUNG,SKMGN,WATSC",NO,,,,,,,,"RRBS methylation cluster; bp start/end not available (only cluster feature_ID is public); methyl_tile_id holds the chrN-<tile> token from feature_ID (a tile identifier, not bp); not present in any 05FDR object; not in TRAINING_REGULATED_FEATURES"
METHYL,chr18-163049_cluster1,chr18,,,chr18-163049,0,gene_body,"BAT,HEART,HIPPOC,KIDNEY,LIVER,LUNG,SKMGN,WATSC",NO,,,,,,,,"RRBS methylation cluster; bp start/end not available (only cluster feature_ID is public); methyl_tile_id holds the chrN-<tile> token from feature_ID (a tile identifier, not bp); not present in any 05FDR object; not in TRAINING_REGULATED_FEATURES"
METHYL,chr18-163049_cluster10,chr18,,,chr18-163049,0,gene_body,"BAT,HEART,HIPPOC,KIDNEY,LIVER,LUNG,SKMGN,WATSC",NO,,,,,,,,"RRBS methylation cluster; bp start/end not available (only cluster feature_ID is public); methyl_tile_id holds the chrN-<tile> token from feature_ID (a tile identifier, not bp); not present in any 05FDR object; not in TRAINING_REGULATED_FEATURES"
METHYL,chr18-163049_cluster11,chr18,,,chr18-163049,0,gene_body,"BAT,HEART,HIPPOC,KIDNEY,LIVER,LUNG,SKMGN,WATSC",NO,,,,,,,,"RRBS methylation cluster; bp start/end not available (only cluster feature_ID is public); methyl_tile_id holds the chrN-<tile> token from feature_ID (a tile identifier, not bp); not present in any 05FDR object; not in TRAINING_REGULATED_FEATURES"
METHYL,chr18-163049_cluster12,chr18,,,chr18-163049,0,gene_body,"BAT,HEART,HIPPOC,KIDNEY,LIVER,LUNG,SKMGN,WATSC",NO,,,,,,,,"RRBS methylation cluster; bp start/end not available (only cluster feature_ID is public); methyl_tile_id holds the chrN-<tile> token from feature_ID (a tile identifier, not bp); not present in any 05FDR object; not in TRAINING_REGULATED_FEATURES"
METHYL,chr18-163049_cluster13,chr18,,,chr18-163049,0,gene_body,"BAT,HEART,HIPPOC,KIDNEY,LIVER,LUNG,SKMGN,WATSC",NO,,,,,,,,"RRBS methylation cluster; bp start/end not available (only cluster feature_ID is public); methyl_tile_id holds the chrN-<tile> token from feature_ID (a tile identifier, not bp); not present in any 05FDR object; not in TRAINING_REGULATED_FEATURES"
METHYL,chr18-163049_cluster14,chr18,,,chr18-163049,0,gene_body,"BAT,HEART,HIPPOC,KIDNEY,LIVER,LUNG,SKMGN,WATSC",NO,,,,,,,,"RRBS methylation cluster; bp start/end not available (only cluster feature_ID is public); methyl_tile_id holds the chrN-<tile> token from feature_ID (a tile identifier, not bp); not present in any 05FDR object; not in TRAINING_REGULATED_FEATURES"
METHYL,chr18-163049_cluster15,chr18,,,chr18-163049,0,gene_body,"BAT,HEART,HIPPOC,KIDNEY,LIVER,LUNG,SKMGN,WATSC",NO,,,,,,,,"RRBS methylation cluster; bp start/end not available (only cluster feature_ID is public); methyl_tile_id holds the chrN-<tile> token from feature_ID (a tile identifier, not bp); not present in any 05FDR object; not in TRAINING_REGULATED_FEATURES"
METHYL,chr18-163049_cluster16,chr18,,,chr18-163049,0,gene_body,"BAT,HEART,HIPPOC,KIDNEY,LIVER,LUNG,SKMGN,WATSC",NO,,,,,,,,"RRBS methylation cluster; bp start/end not available (only cluster feature_ID is public); methyl_tile_id holds the chrN-<tile> token from feature_ID (a tile identifier, not bp); not present in any 05FDR object; not in TRAINING_REGULATED_FEATURES"
METHYL,chr18-163049_cluster17,chr18,,,chr18-163049,0,gene_body,"BAT,HEART,HIPPOC,KIDNEY,LIVER,LUNG,SKMGN,WATSC",NO,,,,,,,,"RRBS methylation cluster; bp start/end not available (only cluster feature_ID is public); methyl_tile_id holds the chrN-<tile> token from feature_ID (a tile identifier, not bp); not present in any 05FDR object; not in TRAINING_REGULATED_FEATURES"
METHYL,chr18-163049_cluster18,chr18,,,chr18-163049,0,gene_body,"BAT,HEART,HIPPOC,KIDNEY,LIVER,LUNG,SKMGN,WATSC",NO,,,,,,,,"RRBS methylation cluster; bp start/end not available (only cluster feature_ID is public); methyl_tile_id holds the chrN-<tile> token from feature_ID (a tile identifier, not bp); not present in any 05FDR object; not in TRAINING_REGULATED_FEATURES"
METHYL,chr18-163049_cluster19,chr18,,,chr18-163049,0,gene_body,"BAT,HEART,HIPPOC,KIDNEY,LIVER,LUNG,SKMGN,WATSC",NO,,,,,,,,"RRBS methylation cluster; bp start/end not available (only cluster feature_ID is public); methyl_tile_id holds the chrN-<tile> token from feature_ID (a tile identifier, not bp); not present in any 05FDR object; not in TRAINING_REGULATED_FEATURES"
METHYL,chr18-163049_cluster2,chr18,,,chr18-163049,0,gene_body,"BAT,HEART,HIPPOC,KIDNEY,LIVER,LUNG,SKMGN,WATSC",NO,,,,,,,,"RRBS methylation cluster; bp start/end not available (only cluster feature_ID is public); methyl_tile_id holds the chrN-<tile> token from feature_ID (a tile identifier, not bp); not present in any 05FDR object; not in TRAINING_REGULATED_FEATURES"
METHYL,chr18-163049_cluster20,chr18,,,chr18-163049,0,gene_body,"BAT,HEART,HIPPOC,KIDNEY,LIVER,LUNG,SKMGN,WATSC",NO,,,,,,,,"RRBS methylation cluster; bp start/end not available (only cluster feature_ID is public); methyl_tile_id holds the chrN-<tile> token from feature_ID (a tile identifier, not bp); not present in any 05FDR object; not in TRAINING_REGULATED_FEATURES"
METHYL,chr18-163049_cluster21,chr18,,,chr18-163049,0,gene_body,"BAT,HEART,HIPPOC,KIDNEY,LIVER,LUNG,SKMGN,WATSC",NO,,,,,,,,"RRBS methylation cluster; bp start/end not available (only cluster feature_ID is public); methyl_tile_id holds the chrN-<tile> token from feature_ID (a tile identifier, not bp); not present in any 05FDR object; not in TRAINING_REGULATED_FEATURES"
METHYL,chr18-163049_cluster22,chr18,,,chr18-163049,0,gene_body,"BAT,HEART,HIPPOC,KIDNEY,LIVER,LUNG,SKMGN,WATSC",NO,,,,,,,,"RRBS methylation cluster; bp start/end not available (only cluster feature_ID is public); methyl_tile_id holds the chrN-<tile> token from feature_ID (a tile identifier, not bp); not present in any 05FDR object; not in TRAINING_REGULATED_FEATURES"
METHYL,chr18-163049_cluster23,chr18,,,chr18-163049,0,gene_body,"BAT,HEART,HIPPOC,KIDNEY,LIVER,LUNG,SKMGN,WATSC",NO,,,,,,,,"RRBS methylation cluster; bp start/end not available (only cluster feature_ID is public); methyl_tile_id holds the chrN-<tile> token from feature_ID (a tile identifier, not bp); not present in any 05FDR object; not in TRAINING_REGULATED_FEATURES"
METHYL,chr18-163049_cluster24,chr18,,,chr18-163049,0,gene_body,"BAT,HEART,HIPPOC,KIDNEY,LIVER,LUNG,SKMGN,WATSC",NO,,,,,,,,"RRBS methylation cluster; bp start/end not available (only cluster feature_ID is public); methyl_tile_id holds the chrN-<tile> token from feature_ID (a tile identifier, not bp); not present in any 05FDR object; not in TRAINING_REGULATED_FEATURES"
METHYL,chr18-163049_cluster25,chr18,,,chr18-163049,0,gene_body,"BAT,HEART,HIPPOC,KIDNEY,LIVER,LUNG,SKMGN,WATSC",NO,,,,,,,,"RRBS methylation cluster; bp start/end not available (only cluster feature_ID is public); methyl_tile_id holds the chrN-<tile> token from feature_ID (a tile identifier, not bp); not present in any 05FDR object; not in TRAINING_REGULATED_FEATURES"
METHYL,chr18-163049_cluster3,chr18,,,chr18-163049,0,gene_body,"BAT,HEART,HIPPOC,KIDNEY,LIVER,LUNG,SKMGN,WATSC",NO,,,,,,,,"RRBS methylation cluster; bp start/end not available (only cluster feature_ID is public); methyl_tile_id holds the chrN-<tile> token from feature_ID (a tile identifier, not bp); not present in any 05FDR object; not in TRAINING_REGULATED_FEATURES"
METHYL,chr18-163049_cluster4,chr18,,,chr18-163049,0,gene_body,"BAT,HEART,HIPPOC,KIDNEY,LIVER,LUNG,SKMGN,WATSC",NO,,,,,,,,"RRBS methylation cluster; bp start/end not available (only cluster feature_ID is public); methyl_tile_id holds the chrN-<tile> token from feature_ID (a tile identifier, not bp); not present in any 05FDR object; not in TRAINING_REGULATED_FEATURES"
METHYL,chr18-163049_cluster5,chr18,,,chr18-163049,0,gene_body,"BAT,HEART,HIPPOC,KIDNEY,LIVER,LUNG,SKMGN,WATSC",NO,,,,,,,,"RRBS methylation cluster; bp start/end not available (only cluster feature_ID is public); methyl_tile_id holds the chrN-<tile> token from feature_ID (a tile identifier, not bp); not present in any 05FDR object; not in TRAINING_REGULATED_FEATURES"
METHYL,chr18-163049_cluster6,chr18,,,chr18-163049,0,gene_body,"BAT,HEART,HIPPOC,KIDNEY,LIVER,LUNG,SKMGN,WATSC",NO,,,,,,,,"RRBS methylation cluster; bp start/end not available (only cluster feature_ID is public); methyl_tile_id holds the chrN-<tile> token from feature_ID (a tile identifier, not bp); not present in any 05FDR object; not in TRAINING_REGULATED_FEATURES"
METHYL,chr18-163049_cluster7,chr18,,,chr18-163049,0,gene_body,"BAT,HEART,HIPPOC,KIDNEY,LIVER,LUNG,SKMGN,WATSC",NO,,,,,,,,"RRBS methylation cluster; bp start/end not available (only cluster feature_ID is public); methyl_tile_id holds the chrN-<tile> token from feature_ID (a tile identifier, not bp); not present in any 05FDR object; not in TRAINING_REGULATED_FEATURES"
METHYL,chr18-163049_cluster8,chr18,,,chr18-163049,0,gene_body,"BAT,HEART,HIPPOC,KIDNEY,LIVER,LUNG,SKMGN,WATSC",NO,,,,,,,,"RRBS methylation cluster; bp start/end not available (only cluster feature_ID is public); methyl_tile_id holds the chrN-<tile> token from feature_ID (a tile identifier, not bp); not present in any 05FDR object; not in TRAINING_REGULATED_FEATURES"
METHYL,chr18-163049_cluster9,chr18,,,chr18-163049,0,gene_body,"BAT,HEART,HIPPOC,KIDNEY,LIVER,LUNG,SKMGN,WATSC",NO,,,,,,,,"RRBS methylation cluster; bp start/end not available (only cluster feature_ID is public); methyl_tile_id holds the chrN-<tile> token from feature_ID (a tile identifier, not bp); not present in any 05FDR object; not in TRAINING_REGULATED_FEATURES"
METHYL,chr18-163050_cluster1,chr18,,,chr18-163050,0,gene_body,"BAT,HEART,HIPPOC,KIDNEY,LIVER,LUNG,SKMGN,WATSC",NO,,,,,,,,"RRBS methylation cluster; bp start/end not available (only cluster feature_ID is public); methyl_tile_id holds the chrN-<tile> token from feature_ID (a tile identifier, not bp); not present in any 05FDR object; not in TRAINING_REGULATED_FEATURES"
METHYL,chr18-163050_cluster10,chr18,,,chr18-163050,0,gene_body,"BAT,HEART,HIPPOC,KIDNEY,LIVER,LUNG,SKMGN,WATSC",NO,,,,,,,,"RRBS methylation cluster; bp start/end not available (only cluster feature_ID is public); methyl_tile_id holds the chrN-<tile> token from feature_ID (a tile identifier, not bp); not present in any 05FDR object; not in TRAINING_REGULATED_FEATURES"
METHYL,chr18-163050_cluster11,chr18,,,chr18-163050,0,gene_body,"BAT,HEART,HIPPOC,KIDNEY,LIVER,LUNG,SKMGN,WATSC",NO,,,,,,,,"RRBS methylation cluster; bp start/end not available (only cluster feature_ID is public); methyl_tile_id holds the chrN-<tile> token from feature_ID (a tile identifier, not bp); not present in any 05FDR object; not in TRAINING_REGULATED_FEATURES"
METHYL,chr18-163050_cluster12,chr18,,,chr18-163050,0,gene_body,"BAT,HEART,HIPPOC,KIDNEY,LIVER,LUNG,SKMGN,WATSC",NO,,,,,,,,"RRBS methylation cluster; bp start/end not available (only cluster feature_ID is public); methyl_tile_id holds the chrN-<tile> token from feature_ID (a tile identifier, not bp); not present in any 05FDR object; not in TRAINING_REGULATED_FEATURES"
METHYL,chr18-163050_cluster2,chr18,,,chr18-163050,0,gene_body,"BAT,HEART,HIPPOC,KIDNEY,LIVER,LUNG,SKMGN,WATSC",NO,,,,,,,,"RRBS methylation cluster; bp start/end not available (only cluster feature_ID is public); methyl_tile_id holds the chrN-<tile> token from feature_ID (a tile identifier, not bp); not present in any 05FDR object; not in TRAINING_REGULATED_FEATURES"
METHYL,chr18-163050_cluster3,chr18,,,chr18-163050,0,gene_body,"BAT,HEART,HIPPOC,KIDNEY,LIVER,LUNG,SKMGN,WATSC",NO,,,,,,,,"RRBS methylation cluster; bp start/end not available (only cluster feature_ID is public); methyl_tile_id holds the chrN-<tile> token from feature_ID (a tile identifier, not bp); not present in any 05FDR object; not in TRAINING_REGULATED_FEATURES"
METHYL,chr18-163050_cluster4,chr18,,,chr18-163050,0,gene_body,"BAT,HEART,HIPPOC,KIDNEY,LIVER,LUNG,SKMGN,WATSC",NO,,,,,,,,"RRBS methylation cluster; bp start/end not available (only cluster feature_ID is public); methyl_tile_id holds the chrN-<tile> token from feature_ID (a tile identifier, not bp); not present in any 05FDR object; not in TRAINING_REGULATED_FEATURES"
METHYL,chr18-163050_cluster5,chr18,,,chr18-163050,0,gene_body,"BAT,HEART,HIPPOC,KIDNEY,LIVER,LUNG,SKMGN,WATSC",NO,,,,,,,,"RRBS methylation cluster; bp start/end not available (only cluster feature_ID is public); methyl_tile_id holds the chrN-<tile> token from feature_ID (a tile identifier, not bp); not present in any 05FDR object; not in TRAINING_REGULATED_FEATURES"
METHYL,chr18-163050_cluster6,chr18,,,chr18-163050,0,gene_body,"BAT,HEART,HIPPOC,KIDNEY,LIVER,LUNG,SKMGN,WATSC",NO,,,,,,,,"RRBS methylation cluster; bp start/end not available (only cluster feature_ID is public); methyl_tile_id holds the chrN-<tile> token from feature_ID (a tile identifier, not bp); not present in any 05FDR object; not in TRAINING_REGULATED_FEATURES"
METHYL,chr18-163050_cluster7,chr18,,,chr18-163050,0,gene_body,"BAT,HEART,HIPPOC,KIDNEY,LIVER,LUNG,SKMGN,WATSC",NO,,,,,,,,"RRBS methylation cluster; bp start/end not available (only cluster feature_ID is public); methyl_tile_id holds the chrN-<tile> token from feature_ID (a tile identifier, not bp); not present in any 05FDR object; not in TRAINING_REGULATED_FEATURES"
METHYL,chr18-163050_cluster8,chr18,,,chr18-163050,0,gene_body,"BAT,HEART,HIPPOC,KIDNEY,LIVER,LUNG,SKMGN,WATSC",NO,,,,,,,,"RRBS methylation cluster; bp start/end not available (only cluster feature_ID is public); methyl_tile_id holds the chrN-<tile> token from feature_ID (a tile identifier, not bp); not present in any 05FDR object; not in TRAINING_REGULATED_FEATURES"
METHYL,chr18-163050_cluster9,chr18,,,chr18-163050,0,gene_body,"BAT,HEART,HIPPOC,KIDNEY,LIVER,LUNG,SKMGN,WATSC",NO,,,,,,,,"RRBS methylation cluster; bp start/end not available (only cluster feature_ID is public); methyl_tile_id holds the chrN-<tile> token from feature_ID (a tile identifier, not bp); not present in any 05FDR object; not in TRAINING_REGULATED_FEATURES"
METHYL,chr18-163051_cluster1,chr18,,,chr18-163051,0,gene_body,"BAT,HEART,HIPPOC,KIDNEY,LIVER,LUNG,SKMGN,WATSC",NO,,,,,,,,"RRBS methylation cluster; bp start/end not available (only cluster feature_ID is public); methyl_tile_id holds the chrN-<tile> token from feature_ID (a tile identifier, not bp); not present in any 05FDR object; not in TRAINING_REGULATED_FEATURES"
METHYL,chr18-163051_cluster10,chr18,,,chr18-163051,0,gene_body,"BAT,HEART,HIPPOC,KIDNEY,LIVER,LUNG,SKMGN,WATSC",NO,,,,,,,,"RRBS methylation cluster; bp start/end not available (only cluster feature_ID is public); methyl_tile_id holds the chrN-<tile> token from feature_ID (a tile identifier, not bp); not present in any 05FDR object; not in TRAINING_REGULATED_FEATURES"
METHYL,chr18-163051_cluster11,chr18,,,chr18-163051,0,gene_body,"BAT,HEART,HIPPOC,KIDNEY,LIVER,LUNG,SKMGN,WATSC",NO,,,,,,,,"RRBS methylation cluster; bp start/end not available (only cluster feature_ID is public); methyl_tile_id holds the chrN-<tile> token from feature_ID (a tile identifier, not bp); not present in any 05FDR object; not in TRAINING_REGULATED_FEATURES"
METHYL,chr18-163051_cluster12,chr18,,,chr18-163051,0,gene_body,"BAT,HEART,HIPPOC,KIDNEY,LIVER,LUNG,SKMGN,WATSC",NO,,,,,,,,"RRBS methylation cluster; bp start/end not available (only cluster feature_ID is public); methyl_tile_id holds the chrN-<tile> token from feature_ID (a tile identifier, not bp); not present in any 05FDR object; not in TRAINING_REGULATED_FEATURES"
METHYL,chr18-163051_cluster13,chr18,,,chr18-163051,0,gene_body,"BAT,HEART,HIPPOC,KIDNEY,LIVER,LUNG,SKMGN,WATSC",NO,,,,,,,,"RRBS methylation cluster; bp start/end not available (only cluster feature_ID is public); methyl_tile_id holds the chrN-<tile> token from feature_ID (a tile identifier, not bp); not present in any 05FDR object; not in TRAINING_REGULATED_FEATURES"
METHYL,chr18-163051_cluster2,chr18,,,chr18-163051,0,gene_body,"BAT,HEART,HIPPOC,KIDNEY,LIVER,LUNG,SKMGN,WATSC",NO,,,,,,,,"RRBS methylation cluster; bp start/end not available (only cluster feature_ID is public); methyl_tile_id holds the chrN-<tile> token from feature_ID (a tile identifier, not bp); not present in any 05FDR object; not in TRAINING_REGULATED_FEATURES"
METHYL,chr18-163051_cluster3,chr18,,,chr18-163051,0,gene_body,"BAT,HEART,HIPPOC,KIDNEY,LIVER,LUNG,SKMGN,WATSC",NO,,,,,,,,"RRBS methylation cluster; bp start/end not available (only cluster feature_ID is public); methyl_tile_id holds the chrN-<tile> token from feature_ID (a tile identifier, not bp); not present in any 05FDR object; not in TRAINING_REGULATED_FEATURES"
METHYL,chr18-163051_cluster4,chr18,,,chr18-163051,0,gene_body,"BAT,HEART,HIPPOC,KIDNEY,LIVER,LUNG,SKMGN,WATSC",NO,,,,,,,,"RRBS methylation cluster; bp start/end not available (only cluster feature_ID is public); methyl_tile_id holds the chrN-<tile> token from feature_ID (a tile identifier, not bp); not present in any 05FDR object; not in TRAINING_REGULATED_FEATURES"
METHYL,chr18-163051_cluster5,chr18,,,chr18-163051,0,gene_body,"BAT,HEART,HIPPOC,KIDNEY,LIVER,LUNG,SKMGN,WATSC",NO,,,,,,,,"RRBS methylation cluster; bp start/end not available (only cluster feature_ID is public); methyl_tile_id holds the chrN-<tile> token from feature_ID (a tile identifier, not bp); not present in any 05FDR object; not in TRAINING_REGULATED_FEATURES"
METHYL,chr18-163051_cluster6,chr18,,,chr18-163051,0,gene_body,"BAT,HEART,HIPPOC,KIDNEY,LIVER,LUNG,SKMGN,WATSC",NO,,,,,,,,"RRBS methylation cluster; bp start/end not available (only cluster feature_ID is public); methyl_tile_id holds the chrN-<tile> token from feature_ID (a tile identifier, not bp); not present in any 05FDR object; not in TRAINING_REGULATED_FEATURES"
METHYL,chr18-163051_cluster7,chr18,,,chr18-163051,0,gene_body,"BAT,HEART,HIPPOC,KIDNEY,LIVER,LUNG,SKMGN,WATSC",NO,,,,,,,,"RRBS methylation cluster; bp start/end not available (only cluster feature_ID is public); methyl_tile_id holds the chrN-<tile> token from feature_ID (a tile identifier, not bp); not present in any 05FDR object; not in TRAINING_REGULATED_FEATURES"
METHYL,chr18-163051_cluster8,chr18,,,chr18-163051,0,gene_body,"BAT,HEART,HIPPOC,KIDNEY,LIVER,LUNG,SKMGN,WATSC",NO,,,,,,,,"RRBS methylation cluster; bp start/end not available (only cluster feature_ID is public); methyl_tile_id holds the chrN-<tile> token from feature_ID (a tile identifier, not bp); not present in any 05FDR object; not in TRAINING_REGULATED_FEATURES"
METHYL,chr18-163051_cluster9,chr18,,,chr18-163051,0,gene_body,"BAT,HEART,HIPPOC,KIDNEY,LIVER,LUNG,SKMGN,WATSC",NO,,,,,,,,"RRBS methylation cluster; bp start/end not available (only cluster feature_ID is public); methyl_tile_id holds the chrN-<tile> token from feature_ID (a tile identifier, not bp); not present in any 05FDR object; not in TRAINING_REGULATED_FEATURES"
METHYL,chr18-163052_cluster1,chr18,,,chr18-163052,0,gene_body,"BAT,HEART,HIPPOC,KIDNEY,LIVER,LUNG,SKMGN,WATSC",NO,,,,,,,,"RRBS methylation cluster; bp start/end not available (only cluster feature_ID is public); methyl_tile_id holds the chrN-<tile> token from feature_ID (a tile identifier, not bp); not present in any 05FDR object; not in TRAINING_REGULATED_FEATURES"
METHYL,chr18-163052_cluster10,chr18,,,chr18-163052,0,gene_body,"BAT,HEART,HIPPOC,KIDNEY,LIVER,LUNG,SKMGN,WATSC",NO,,,,,,,,"RRBS methylation cluster; bp start/end not available (only cluster feature_ID is public); methyl_tile_id holds the chrN-<tile> token from feature_ID (a tile identifier, not bp); not present in any 05FDR object; not in TRAINING_REGULATED_FEATURES"
METHYL,chr18-163052_cluster11,chr18,,,chr18-163052,0,gene_body,"BAT,HEART,HIPPOC,KIDNEY,LIVER,LUNG,SKMGN,WATSC",NO,,,,,,,,"RRBS methylation cluster; bp start/end not available (only cluster feature_ID is public); methyl_tile_id holds the chrN-<tile> token from feature_ID (a tile identifier, not bp); not present in any 05FDR object; not in TRAINING_REGULATED_FEATURES"
METHYL,chr18-163052_cluster12,chr18,,,chr18-163052,0,gene_body,"BAT,HEART,HIPPOC,KIDNEY,LIVER,LUNG,SKMGN,WATSC",NO,,,,,,,,"RRBS methylation cluster; bp start/end not available (only cluster feature_ID is public); methyl_tile_id holds the chrN-<tile> token from feature_ID (a tile identifier, not bp); not present in any 05FDR object; not in TRAINING_REGULATED_FEATURES"
METHYL,chr18-163052_cluster13,chr18,,,chr18-163052,0,gene_body,"BAT,HEART,HIPPOC,KIDNEY,LIVER,LUNG,SKMGN,WATSC",NO,,,,,,,,"RRBS methylation cluster; bp start/end not available (only cluster feature_ID is public); methyl_tile_id holds the chrN-<tile> token from feature_ID (a tile identifier, not bp); not present in any 05FDR object; not in TRAINING_REGULATED_FEATURES"
METHYL,chr18-163052_cluster2,chr18,,,chr18-163052,0,gene_body,"BAT,HEART,HIPPOC,KIDNEY,LIVER,LUNG,SKMGN,WATSC",NO,,,,,,,,"RRBS methylation cluster; bp start/end not available (only cluster feature_ID is public); methyl_tile_id holds the chrN-<tile> token from feature_ID (a tile identifier, not bp); not present in any 05FDR object; not in TRAINING_REGULATED_FEATURES"
METHYL,chr18-163052_cluster3,chr18,,,chr18-163052,0,gene_body,"BAT,HEART,HIPPOC,KIDNEY,LIVER,LUNG,SKMGN,WATSC",NO,,,,,,,,"RRBS methylation cluster; bp start/end not available (only cluster feature_ID is public); methyl_tile_id holds the chrN-<tile> token from feature_ID (a tile identifier, not bp); not present in any 05FDR object; not in TRAINING_REGULATED_FEATURES"
METHYL,chr18-163052_cluster4,chr18,,,chr18-163052,0,gene_body,"BAT,HEART,HIPPOC,KIDNEY,LIVER,LUNG,SKMGN,WATSC",NO,,,,,,,,"RRBS methylation cluster; bp start/end not available (only cluster feature_ID is public); methyl_tile_id holds the chrN-<tile> token from feature_ID (a tile identifier, not bp); not present in any 05FDR object; not in TRAINING_REGULATED_FEATURES"
METHYL,chr18-163052_cluster5,chr18,,,chr18-163052,0,gene_body,"BAT,HEART,HIPPOC,KIDNEY,LIVER,LUNG,SKMGN,WATSC",NO,,,,,,,,"RRBS methylation cluster; bp start/end not available (only cluster feature_ID is public); methyl_tile_id holds the chrN-<tile> token from feature_ID (a tile identifier, not bp); not present in any 05FDR object; not in TRAINING_REGULATED_FEATURES"
METHYL,chr18-163052_cluster6,chr18,,,chr18-163052,0,gene_body,"BAT,HEART,HIPPOC,KIDNEY,LIVER,LUNG,SKMGN,WATSC",NO,,,,,,,,"RRBS methylation cluster; bp start/end not available (only cluster feature_ID is public); methyl_tile_id holds the chrN-<tile> token from feature_ID (a tile identifier, not bp); not present in any 05FDR object; not in TRAINING_REGULATED_FEATURES"
METHYL,chr18-163052_cluster7,chr18,,,chr18-163052,0,gene_body,"BAT,HEART,HIPPOC,KIDNEY,LIVER,LUNG,SKMGN,WATSC",NO,,,,,,,,"RRBS methylation cluster; bp start/end not available (only cluster feature_ID is public); methyl_tile_id holds the chrN-<tile> token from feature_ID (a tile identifier, not bp); not present in any 05FDR object; not in TRAINING_REGULATED_FEATURES"
METHYL,chr18-163052_cluster8,chr18,,,chr18-163052,0,gene_body,"BAT,HEART,HIPPOC,KIDNEY,LIVER,LUNG,SKMGN,WATSC",NO,,,,,,,,"RRBS methylation cluster; bp start/end not available (only cluster feature_ID is public); methyl_tile_id holds the chrN-<tile> token from feature_ID (a tile identifier, not bp); not present in any 05FDR object; not in TRAINING_REGULATED_FEATURES"
METHYL,chr18-163052_cluster9,chr18,,,chr18-163052,0,gene_body,"BAT,HEART,HIPPOC,KIDNEY,LIVER,LUNG,SKMGN,WATSC",NO,,,,,,,,"RRBS methylation cluster; bp start/end not available (only cluster feature_ID is public); methyl_tile_id holds the chrN-<tile> token from feature_ID (a tile identifier, not bp); not present in any 05FDR object; not in TRAINING_REGULATED_FEATURES"
METHYL,chr18-163069_cluster1,chr18,,,chr18-163069,0,gene_body,"BAT,HEART,HIPPOC,KIDNEY,LIVER,LUNG,SKMGN,WATSC",NO,,,,,,,,"RRBS methylation cluster; bp start/end not available (only cluster feature_ID is public); methyl_tile_id holds the chrN-<tile> token from feature_ID (a tile identifier, not bp); not present in any 05FDR object; not in TRAINING_REGULATED_FEATURES"
METHYL,chr18-163069_cluster2,chr18,,,chr18-163069,0,gene_body,"BAT,HEART,HIPPOC,KIDNEY,LIVER,LUNG,SKMGN,WATSC",NO,,,,,,,,"RRBS methylation cluster; bp start/end not available (only cluster feature_ID is public); methyl_tile_id holds the chrN-<tile> token from feature_ID (a tile identifier, not bp); not present in any 05FDR object; not in TRAINING_REGULATED_FEATURES"
METHYL,chr18-163075_cluster1,chr18,,,chr18-163075,0,gene_body,"BAT,HEART,HIPPOC,KIDNEY,LIVER,LUNG,SKMGN,WATSC",NO,,,,,,,,"RRBS methylation cluster; bp start/end not available (only cluster feature_ID is public); methyl_tile_id holds the chrN-<tile> token from feature_ID (a tile identifier, not bp); not present in any 05FDR object; not in TRAINING_REGULATED_FEATURES"
METHYL,chr18-163075_cluster10,chr18,,,chr18-163075,0,gene_body,"BAT,HEART,HIPPOC,KIDNEY,LIVER,LUNG,SKMGN,WATSC",NO,,,,,,,,"RRBS methylation cluster; bp start/end not available (only cluster feature_ID is public); methyl_tile_id holds the chrN-<tile> token from feature_ID (a tile identifier, not bp); not present in any 05FDR object; not in TRAINING_REGULATED_FEATURES"
METHYL,chr18-163075_cluster11,chr18,,,chr18-163075,0,gene_body,"BAT,HEART,HIPPOC,KIDNEY,LIVER,LUNG,SKMGN,WATSC",NO,,,,,,,,"RRBS methylation cluster; bp start/end not available (only cluster feature_ID is public); methyl_tile_id holds the chrN-<tile> token from feature_ID (a tile identifier, not bp); not present in any 05FDR object; not in TRAINING_REGULATED_FEATURES"
METHYL,chr18-163075_cluster12,chr18,,,chr18-163075,0,gene_body,"BAT,HEART,HIPPOC,KIDNEY,LIVER,LUNG,SKMGN,WATSC",NO,,,,,,,,"RRBS methylation cluster; bp start/end not available (only cluster feature_ID is public); methyl_tile_id holds the chrN-<tile> token from feature_ID (a tile identifier, not bp); not present in any 05FDR object; not in TRAINING_REGULATED_FEATURES"
METHYL,chr18-163075_cluster13,chr18,,,chr18-163075,0,gene_body,"BAT,HEART,HIPPOC,KIDNEY,LIVER,LUNG,SKMGN,WATSC",NO,,,,,,,,"RRBS methylation cluster; bp start/end not available (only cluster feature_ID is public); methyl_tile_id holds the chrN-<tile> token from feature_ID (a tile identifier, not bp); not present in any 05FDR object; not in TRAINING_REGULATED_FEATURES"
METHYL,chr18-163075_cluster14,chr18,,,chr18-163075,0,gene_body,"BAT,HEART,HIPPOC,KIDNEY,LIVER,LUNG,SKMGN,WATSC",NO,,,,,,,,"RRBS methylation cluster; bp start/end not available (only cluster feature_ID is public); methyl_tile_id holds the chrN-<tile> token from feature_ID (a tile identifier, not bp); not present in any 05FDR object; not in TRAINING_REGULATED_FEATURES"
METHYL,chr18-163075_cluster15,chr18,,,chr18-163075,0,gene_body,"BAT,HEART,HIPPOC,KIDNEY,LIVER,LUNG,SKMGN,WATSC",NO,,,,,,,,"RRBS methylation cluster; bp start/end not available (only cluster feature_ID is public); methyl_tile_id holds the chrN-<tile> token from feature_ID (a tile identifier, not bp); not present in any 05FDR object; not in TRAINING_REGULATED_FEATURES"
METHYL,chr18-163075_cluster16,chr18,,,chr18-163075,0,gene_body,"BAT,HEART,HIPPOC,KIDNEY,LIVER,LUNG,SKMGN,WATSC",NO,,,,,,,,"RRBS methylation cluster; bp start/end not available (only cluster feature_ID is public); methyl_tile_id holds the chrN-<tile> token from feature_ID (a tile identifier, not bp); not present in any 05FDR object; not in TRAINING_REGULATED_FEATURES"
METHYL,chr18-163075_cluster2,chr18,,,chr18-163075,0,gene_body,"BAT,HEART,HIPPOC,KIDNEY,LIVER,LUNG,SKMGN,WATSC",NO,,,,,,,,"RRBS methylation cluster; bp start/end not available (only cluster feature_ID is public); methyl_tile_id holds the chrN-<tile> token from feature_ID (a tile identifier, not bp); not present in any 05FDR object; not in TRAINING_REGULATED_FEATURES"
METHYL,chr18-163075_cluster3,chr18,,,chr18-163075,0,gene_body,"BAT,HEART,HIPPOC,KIDNEY,LIVER,LUNG,SKMGN,WATSC",NO,,,,,,,,"RRBS methylation cluster; bp start/end not available (only cluster feature_ID is public); methyl_tile_id holds the chrN-<tile> token from feature_ID (a tile identifier, not bp); not present in any 05FDR object; not in TRAINING_REGULATED_FEATURES"
METHYL,chr18-163075_cluster4,chr18,,,chr18-163075,0,gene_body,"BAT,HEART,HIPPOC,KIDNEY,LIVER,LUNG,SKMGN,WATSC",NO,,,,,,,,"RRBS methylation cluster; bp start/end not available (only cluster feature_ID is public); methyl_tile_id holds the chrN-<tile> token from feature_ID (a tile identifier, not bp); not present in any 05FDR object; not in TRAINING_REGULATED_FEATURES"
METHYL,chr18-163075_cluster5,chr18,,,chr18-163075,0,gene_body,"BAT,HEART,HIPPOC,KIDNEY,LIVER,LUNG,SKMGN,WATSC",NO,,,,,,,,"RRBS methylation cluster; bp start/end not available (only cluster feature_ID is public); methyl_tile_id holds the chrN-<tile> token from feature_ID (a tile identifier, not bp); not present in any 05FDR object; not in TRAINING_REGULATED_FEATURES"
METHYL,chr18-163075_cluster6,chr18,,,chr18-163075,0,gene_body,"BAT,HEART,HIPPOC,KIDNEY,LIVER,LUNG,SKMGN,WATSC",NO,,,,,,,,"RRBS methylation cluster; bp start/end not available (only cluster feature_ID is public); methyl_tile_id holds the chrN-<tile> token from feature_ID (a tile identifier, not bp); not present in any 05FDR object; not in TRAINING_REGULATED_FEATURES"
METHYL,chr18-163075_cluster7,chr18,,,chr18-163075,0,gene_body,"BAT,HEART,HIPPOC,KIDNEY,LIVER,LUNG,SKMGN,WATSC",NO,,,,,,,,"RRBS methylation cluster; bp start/end not available (only cluster feature_ID is public); methyl_tile_id holds the chrN-<tile> token from feature_ID (a tile identifier, not bp); not present in any 05FDR object; not in TRAINING_REGULATED_FEATURES"
METHYL,chr18-163075_cluster8,chr18,,,chr18-163075,0,gene_body,"BAT,HEART,HIPPOC,KIDNEY,LIVER,LUNG,SKMGN,WATSC",NO,,,,,,,,"RRBS methylation cluster; bp start/end not available (only cluster feature_ID is public); methyl_tile_id holds the chrN-<tile> token from feature_ID (a tile identifier, not bp); not present in any 05FDR object; not in TRAINING_REGULATED_FEATURES"
METHYL,chr18-163075_cluster9,chr18,,,chr18-163075,0,gene_body,"BAT,HEART,HIPPOC,KIDNEY,LIVER,LUNG,SKMGN,WATSC",NO,,,,,,,,"RRBS methylation cluster; bp start/end not available (only cluster feature_ID is public); methyl_tile_id holds the chrN-<tile> token from feature_ID (a tile identifier, not bp); not present in any 05FDR object; not in TRAINING_REGULATED_FEATURES"
METHYL,chr18-163077_cluster1,chr18,,,chr18-163077,0,gene_body,"BAT,HEART,HIPPOC,KIDNEY,LIVER,LUNG,SKMGN,WATSC",NO,,,,,,,,"RRBS methylation cluster; bp start/end not available (only cluster feature_ID is public); methyl_tile_id holds the chrN-<tile> token from feature_ID (a tile identifier, not bp); not present in any 05FDR object; not in TRAINING_REGULATED_FEATURES"
METHYL,chr18-163077_cluster2,chr18,,,chr18-163077,0,gene_body,"BAT,HEART,HIPPOC,KIDNEY,LIVER,LUNG,SKMGN,WATSC",NO,,,,,,,,"RRBS methylation cluster; bp start/end not available (only cluster feature_ID is public); methyl_tile_id holds the chrN-<tile> token from feature_ID (a tile identifier, not bp); not present in any 05FDR object; not in TRAINING_REGULATED_FEATURES"
METHYL,chr18-163077_cluster3,chr18,,,chr18-163077,0,gene_body,"BAT,HEART,HIPPOC,KIDNEY,LIVER,LUNG,SKMGN,WATSC",NO,,,,,,,,"RRBS methylation cluster; bp start/end not available (only cluster feature_ID is public); methyl_tile_id holds the chrN-<tile> token from feature_ID (a tile identifier, not bp); not present in any 05FDR object; not in TRAINING_REGULATED_FEATURES"
METHYL,chr18-163077_cluster4,chr18,,,chr18-163077,0,gene_body,"BAT,HEART,HIPPOC,KIDNEY,LIVER,LUNG,SKMGN,WATSC",NO,,,,,,,,"RRBS methylation cluster; bp start/end not available (only cluster feature_ID is public); methyl_tile_id holds the chrN-<tile> token from feature_ID (a tile identifier, not bp); not present in any 05FDR object; not in TRAINING_REGULATED_FEATURES"
METHYL,chr18-163077_cluster5,chr18,,,chr18-163077,0,gene_body,"BAT,HEART,HIPPOC,KIDNEY,LIVER,LUNG,SKMGN,WATSC",NO,,,,,,,,"RRBS methylation cluster; bp start/end not available (only cluster feature_ID is public); methyl_tile_id holds the chrN-<tile> token from feature_ID (a tile identifier, not bp); not present in any 05FDR object; not in TRAINING_REGULATED_FEATURES"
METHYL,chr18-163077_cluster6,chr18,,,chr18-163077,0,gene_body,"BAT,HEART,HIPPOC,KIDNEY,LIVER,LUNG,SKMGN,WATSC",NO,,,,,,,,"RRBS methylation cluster; bp start/end not available (only cluster feature_ID is public); methyl_tile_id holds the chrN-<tile> token from feature_ID (a tile identifier, not bp); not present in any 05FDR object; not in TRAINING_REGULATED_FEATURES"
METHYL,chr18-163077_cluster7,chr18,,,chr18-163077,0,gene_body,"BAT,HEART,HIPPOC,KIDNEY,LIVER,LUNG,SKMGN,WATSC",NO,,,,,,,,"RRBS methylation cluster; bp start/end not available (only cluster feature_ID is public); methyl_tile_id holds the chrN-<tile> token from feature_ID (a tile identifier, not bp); not present in any 05FDR object; not in TRAINING_REGULATED_FEATURES"
METHYL,chr18-163078_cluster1,chr18,,,chr18-163078,0,gene_body,"BAT,HEART,HIPPOC,KIDNEY,LIVER,LUNG,SKMGN,WATSC",NO,,,,,,,,"RRBS methylation cluster; bp start/end not available (only cluster feature_ID is public); methyl_tile_id holds the chrN-<tile> token from feature_ID (a tile identifier, not bp); not present in any 05FDR object; not in TRAINING_REGULATED_FEATURES"
METHYL,chr18-163078_cluster10,chr18,,,chr18-163078,0,gene_body,"BAT,HEART,HIPPOC,KIDNEY,LIVER,LUNG,SKMGN,WATSC",NO,,,,,,,,"RRBS methylation cluster; bp start/end not available (only cluster feature_ID is public); methyl_tile_id holds the chrN-<tile> token from feature_ID (a tile identifier, not bp); not present in any 05FDR object; not in TRAINING_REGULATED_FEATURES"
METHYL,chr18-163078_cluster11,chr18,,,chr18-163078,0,gene_body,"BAT,HEART,HIPPOC,KIDNEY,LIVER,LUNG,SKMGN,WATSC",NO,,,,,,,,"RRBS methylation cluster; bp start/end not available (only cluster feature_ID is public); methyl_tile_id holds the chrN-<tile> token from feature_ID (a tile identifier, not bp); not present in any 05FDR object; not in TRAINING_REGULATED_FEATURES"
METHYL,chr18-163078_cluster12,chr18,,,chr18-163078,0,gene_body,"BAT,HEART,HIPPOC,KIDNEY,LIVER,LUNG,SKMGN,WATSC",NO,,,,,,,,"RRBS methylation cluster; bp start/end not available (only cluster feature_ID is public); methyl_tile_id holds the chrN-<tile> token from feature_ID (a tile identifier, not bp); not present in any 05FDR object; not in TRAINING_REGULATED_FEATURES"
METHYL,chr18-163078_cluster13,chr18,,,chr18-163078,0,gene_body,"BAT,HEART,HIPPOC,KIDNEY,LIVER,LUNG,SKMGN,WATSC",NO,,,,,,,,"RRBS methylation cluster; bp start/end not available (only cluster feature_ID is public); methyl_tile_id holds the chrN-<tile> token from feature_ID (a tile identifier, not bp); not present in any 05FDR object; not in TRAINING_REGULATED_FEATURES"
METHYL,chr18-163078_cluster14,chr18,,,chr18-163078,0,gene_body,"BAT,HEART,HIPPOC,KIDNEY,LIVER,LUNG,SKMGN,WATSC",NO,,,,,,,,"RRBS methylation cluster; bp start/end not available (only cluster feature_ID is public); methyl_tile_id holds the chrN-<tile> token from feature_ID (a tile identifier, not bp); not present in any 05FDR object; not in TRAINING_REGULATED_FEATURES"
METHYL,chr18-163078_cluster15,chr18,,,chr18-163078,0,gene_body,"BAT,HEART,HIPPOC,KIDNEY,LIVER,LUNG,SKMGN,WATSC",NO,,,,,,,,"RRBS methylation cluster; bp start/end not available (only cluster feature_ID is public); methyl_tile_id holds the chrN-<tile> token from feature_ID (a tile identifier, not bp); not present in any 05FDR object; not in TRAINING_REGULATED_FEATURES"
METHYL,chr18-163078_cluster16,chr18,,,chr18-163078,0,gene_body,"BAT,HEART,HIPPOC,KIDNEY,LIVER,LUNG,SKMGN,WATSC",NO,,,,,,,,"RRBS methylation cluster; bp start/end not available (only cluster feature_ID is public); methyl_tile_id holds the chrN-<tile> token from feature_ID (a tile identifier, not bp); not present in any 05FDR object; not in TRAINING_REGULATED_FEATURES"
METHYL,chr18-163078_cluster17,chr18,,,chr18-163078,0,gene_body,"BAT,HEART,HIPPOC,KIDNEY,LIVER,LUNG,SKMGN,WATSC",NO,,,,,,,,"RRBS methylation cluster; bp start/end not available (only cluster feature_ID is public); methyl_tile_id holds the chrN-<tile> token from feature_ID (a tile identifier, not bp); not present in any 05FDR object; not in TRAINING_REGULATED_FEATURES"
METHYL,chr18-163078_cluster18,chr18,,,chr18-163078,0,gene_body,"BAT,HEART,HIPPOC,KIDNEY,LIVER,LUNG,SKMGN,WATSC",NO,,,,,,,,"RRBS methylation cluster; bp start/end not available (only cluster feature_ID is public); methyl_tile_id holds the chrN-<tile> token from feature_ID (a tile identifier, not bp); not present in any 05FDR object; not in TRAINING_REGULATED_FEATURES"
METHYL,chr18-163078_cluster19,chr18,,,chr18-163078,0,gene_body,"BAT,HEART,HIPPOC,KIDNEY,LIVER,LUNG,SKMGN,WATSC",NO,,,,,,,,"RRBS methylation cluster; bp start/end not available (only cluster feature_ID is public); methyl_tile_id holds the chrN-<tile> token from feature_ID (a tile identifier, not bp); not present in any 05FDR object; not in TRAINING_REGULATED_FEATURES"
METHYL,chr18-163078_cluster2,chr18,,,chr18-163078,0,gene_body,"BAT,HEART,HIPPOC,KIDNEY,LIVER,LUNG,SKMGN,WATSC",NO,,,,,,,,"RRBS methylation cluster; bp start/end not available (only cluster feature_ID is public); methyl_tile_id holds the chrN-<tile> token from feature_ID (a tile identifier, not bp); not present in any 05FDR object; not in TRAINING_REGULATED_FEATURES"
METHYL,chr18-163078_cluster20,chr18,,,chr18-163078,0,gene_body,"BAT,HEART,HIPPOC,KIDNEY,LIVER,LUNG,SKMGN,WATSC",NO,,,,,,,,"RRBS methylation cluster; bp start/end not available (only cluster feature_ID is public); methyl_tile_id holds the chrN-<tile> token from feature_ID (a tile identifier, not bp); not present in any 05FDR object; not in TRAINING_REGULATED_FEATURES"
METHYL,chr18-163078_cluster21,chr18,,,chr18-163078,0,gene_body,"BAT,HEART,HIPPOC,KIDNEY,LIVER,LUNG,SKMGN,WATSC",NO,,,,,,,,"RRBS methylation cluster; bp start/end not available (only cluster feature_ID is public); methyl_tile_id holds the chrN-<tile> token from feature_ID (a tile identifier, not bp); not present in any 05FDR object; not in TRAINING_REGULATED_FEATURES"
METHYL,chr18-163078_cluster22,chr18,,,chr18-163078,0,gene_body,"BAT,HEART,HIPPOC,KIDNEY,LIVER,LUNG,SKMGN,WATSC",NO,,,,,,,,"RRBS methylation cluster; bp start/end not available (only cluster feature_ID is public); methyl_tile_id holds the chrN-<tile> token from feature_ID (a tile identifier, not bp); not present in any 05FDR object; not in TRAINING_REGULATED_FEATURES"
METHYL,chr18-163078_cluster23,chr18,,,chr18-163078,0,gene_body,"BAT,HEART,HIPPOC,KIDNEY,LIVER,LUNG,SKMGN,WATSC",NO,,,,,,,,"RRBS methylation cluster; bp start/end not available (only cluster feature_ID is public); methyl_tile_id holds the chrN-<tile> token from feature_ID (a tile identifier, not bp); not present in any 05FDR object; not in TRAINING_REGULATED_FEATURES"
METHYL,chr18-163078_cluster3,chr18,,,chr18-163078,0,gene_body,"BAT,HEART,HIPPOC,KIDNEY,LIVER,LUNG,SKMGN,WATSC",NO,,,,,,,,"RRBS methylation cluster; bp start/end not available (only cluster feature_ID is public); methyl_tile_id holds the chrN-<tile> token from feature_ID (a tile identifier, not bp); not present in any 05FDR object; not in TRAINING_REGULATED_FEATURES"
METHYL,chr18-163078_cluster4,chr18,,,chr18-163078,0,gene_body,"BAT,HEART,HIPPOC,KIDNEY,LIVER,LUNG,SKMGN,WATSC",NO,,,,,,,,"RRBS methylation cluster; bp start/end not available (only cluster feature_ID is public); methyl_tile_id holds the chrN-<tile> token from feature_ID (a tile identifier, not bp); not present in any 05FDR object; not in TRAINING_REGULATED_FEATURES"
METHYL,chr18-163078_cluster5,chr18,,,chr18-163078,0,gene_body,"BAT,HEART,HIPPOC,KIDNEY,LIVER,LUNG,SKMGN,WATSC",NO,,,,,,,,"RRBS methylation cluster; bp start/end not available (only cluster feature_ID is public); methyl_tile_id holds the chrN-<tile> token from feature_ID (a tile identifier, not bp); not present in any 05FDR object; not in TRAINING_REGULATED_FEATURES"
METHYL,chr18-163078_cluster6,chr18,,,chr18-163078,0,gene_body,"BAT,HEART,HIPPOC,KIDNEY,LIVER,LUNG,SKMGN,WATSC",NO,,,,,,,,"RRBS methylation cluster; bp start/end not available (only cluster feature_ID is public); methyl_tile_id holds the chrN-<tile> token from feature_ID (a tile identifier, not bp); not present in any 05FDR object; not in TRAINING_REGULATED_FEATURES"
METHYL,chr18-163078_cluster7,chr18,,,chr18-163078,0,gene_body,"BAT,HEART,HIPPOC,KIDNEY,LIVER,LUNG,SKMGN,WATSC",NO,,,,,,,,"RRBS methylation cluster; bp start/end not available (only cluster feature_ID is public); methyl_tile_id holds the chrN-<tile> token from feature_ID (a tile identifier, not bp); not present in any 05FDR object; not in TRAINING_REGULATED_FEATURES"
METHYL,chr18-163078_cluster8,chr18,,,chr18-163078,0,gene_body,"BAT,HEART,HIPPOC,KIDNEY,LIVER,LUNG,SKMGN,WATSC",NO,,,,,,,,"RRBS methylation cluster; bp start/end not available (only cluster feature_ID is public); methyl_tile_id holds the chrN-<tile> token from feature_ID (a tile identifier, not bp); not present in any 05FDR object; not in TRAINING_REGULATED_FEATURES"
METHYL,chr18-163078_cluster9,chr18,,,chr18-163078,0,gene_body,"BAT,HEART,HIPPOC,KIDNEY,LIVER,LUNG,SKMGN,WATSC",NO,,,,,,,,"RRBS methylation cluster; bp start/end not available (only cluster feature_ID is public); methyl_tile_id holds the chrN-<tile> token from feature_ID (a tile identifier, not bp); not present in any 05FDR object; not in TRAINING_REGULATED_FEATURES"
METHYL,chr18-163083_cluster1,chr18,,,chr18-163083,2440,downstream_distal,"BAT,HEART,HIPPOC,KIDNEY,LIVER,LUNG,SKMGN,WATSC",NO,,,,,,,,"RRBS methylation cluster; bp start/end not available (only cluster feature_ID is public); methyl_tile_id holds the chrN-<tile> token from feature_ID (a tile identifier, not bp); not present in any 05FDR object; not in TRAINING_REGULATED_FEATURES"
METHYL,chr18-163083_cluster2,chr18,,,chr18-163083,2562,downstream_distal,"BAT,HEART,HIPPOC,KIDNEY,LIVER,LUNG,SKMGN,WATSC",NO,,,,,,,,"RRBS methylation cluster; bp start/end not available (only cluster feature_ID is public); methyl_tile_id holds the chrN-<tile> token from feature_ID (a tile identifier, not bp); not present in any 05FDR object; not in TRAINING_REGULATED_FEATURES"
METHYL,chr18-163083_cluster3,chr18,,,chr18-163083,2578,downstream_distal,"BAT,HEART,HIPPOC,KIDNEY,LIVER,LUNG,SKMGN,WATSC",NO,,,,,,,,"RRBS methylation cluster; bp start/end not available (only cluster feature_ID is public); methyl_tile_id holds the chrN-<tile> token from feature_ID (a tile identifier, not bp); not present in any 05FDR object; not in TRAINING_REGULATED_FEATURES"
METHYL,chr18-163101_cluster1,chr18,,,chr18-163101,11414,downstream_distal,"BAT,HEART,HIPPOC,KIDNEY,LIVER,LUNG,SKMGN,WATSC",NO,,,,,,,,"RRBS methylation cluster; bp start/end not available (only cluster feature_ID is public); methyl_tile_id holds the chrN-<tile> token from feature_ID (a tile identifier, not bp); not present in any 05FDR object; not in TRAINING_REGULATED_FEATURES"
METHYL,chr18-163101_cluster2,chr18,,,chr18-163101,11450,downstream_distal,"BAT,HEART,HIPPOC,KIDNEY,LIVER,LUNG,SKMGN,WATSC",NO,,,,,,,,"RRBS methylation cluster; bp start/end not available (only cluster feature_ID is public); methyl_tile_id holds the chrN-<tile> token from feature_ID (a tile identifier, not bp); not present in any 05FDR object; not in TRAINING_REGULATED_FEATURES"
METHYL,chr18-163101_cluster3,chr18,,,chr18-163101,11464,downstream_distal,"BAT,HEART,HIPPOC,KIDNEY,LIVER,LUNG,SKMGN,WATSC",NO,,,,,,,,"RRBS methylation cluster; bp start/end not available (only cluster feature_ID is public); methyl_tile_id holds the chrN-<tile> token from feature_ID (a tile identifier, not bp); not present in any 05FDR object; not in TRAINING_REGULATED_FEATURES"
METHYL,chr18-163101_cluster4,chr18,,,chr18-163101,11502,downstream_distal,"BAT,HEART,HIPPOC,KIDNEY,LIVER,LUNG,SKMGN,WATSC",NO,,,,,,,,"RRBS methylation cluster; bp start/end not available (only cluster feature_ID is public); methyl_tile_id holds the chrN-<tile> token from feature_ID (a tile identifier, not bp); not present in any 05FDR object; not in TRAINING_REGULATED_FEATURES"
METHYL,chr18-163101_cluster5,chr18,,,chr18-163101,11545,downstream_distal,"BAT,HEART,HIPPOC,KIDNEY,LIVER,LUNG,SKMGN,WATSC",NO,,,,,,,,"RRBS methylation cluster; bp start/end not available (only cluster feature_ID is public); methyl_tile_id holds the chrN-<tile> token from feature_ID (a tile identifier, not bp); not present in any 05FDR object; not in TRAINING_REGULATED_FEATURES"
